employee_code,finance_concentration,flag_hd_highschool,shortest_tenure,trilingual_flag,sales_customer_base_exp,communication_skills,competitor_experience,cashier_jobtitle,fitness_sports_jobtitle,hp_class
MZE,-0.2344036154692477,1.970115715434855,0.29042676467218737,-0.4359846839375199,0.37194074924457615,0.6416889479197478,0.9862062358989764,-0.3719407492445761,-0.25046082988418183,0.0
MRU,-0.2344036154692477,-0.5075843982998098,-0.5548737340111757,-0.4359846839375199,0.37194074924457615,0.6416889479197478,0.9862062358989764,-0.3719407492445761,-0.25046082988418183,0.0
LAP,-0.2344036154692477,-0.5075843982998098,-0.170646234609647,-0.4359846839375199,0.37194074924457615,0.6416889479197478,-1.0139866932482433,-0.3719407492445761,-0.25046082988418183,0.0
MYD,-0.2344036154692477,-0.5075843982998098,-0.170646234609647,2.293658554627822,0.37194074924457615,0.6416889479197478,-1.0139866932482433,2.6886002731107927,-0.25046082988418183,1.0
JJB,-0.2344036154692477,-0.5075843982998098,-0.7854102336520928,-0.4359846839375199,0.37194074924457615,0.6416889479197478,-1.0139866932482433,-0.3719407492445761,-0.25046082988418183,0.0
MVZ,-0.2344036154692477,-0.5075843982998098,0.21358126479188164,-0.4359846839375199,0.37194074924457615,0.6416889479197478,0.9862062358989764,-0.3719407492445761,-0.25046082988418183,0.0
N0F,4.266145801540308,-0.5075843982998098,-0.5548737340111757,-0.4359846839375199,0.37194074924457615,0.6416889479197478,0.9862062358989764,-0.3719407492445761,-0.25046082988418183,1.0
N1L,-0.2344036154692477,-0.5075843982998098,0.9820362635949389,2.293658554627822,-2.6886002731107927,0.6416889479197478,-1.0139866932482433,-0.3719407492445761,-0.25046082988418183,0.0
NAY,-0.2344036154692477,-0.5075843982998098,0.059890265031270165,-0.4359846839375199,0.37194074924457615,-1.5583874449479593,0.9862062358989764,-0.3719407492445761,-0.25046082988418183,0.0
N5M,-0.2344036154692477,-0.5075843982998098,-0.5548737340111757,-0.4359846839375199,0.37194074924457615,0.6416889479197478,-1.0139866932482433,-0.3719407492445761,-0.25046082988418183,0.0
MQM,-0.2344036154692477,-0.5075843982998098,1.1357272633555504,-0.4359846839375199,0.37194074924457615,0.6416889479197478,-1.0139866932482433,-0.3719407492445761,-0.25046082988418183,0.0
MU9,-0.2344036154692477,-0.5075843982998098,0.1367357649115759,-0.4359846839375199,0.37194074924457615,0.6416889479197478,-1.0139866932482433,-0.3719407492445761,-0.25046082988418183,0.0
MW9,-0.2344036154692477,-0.5075843982998098,-0.5548737340111757,-0.4359846839375199,0.37194074924457615,0.6416889479197478,0.9862062358989764,-0.3719407492445761,-0.25046082988418183,1.0
MVX,-0.2344036154692477,-0.5075843982998098,-0.4780282341308699,2.293658554627822,-2.6886002731107927,0.6416889479197478,0.9862062358989764,-0.3719407492445761,-0.25046082988418183,0.0
N7I,-0.2344036154692477,-0.5075843982998098,-0.4011827342505642,-0.4359846839375199,-2.6886002731107927,-1.5583874449479593,-1.0139866932482433,-0.3719407492445761,-0.25046082988418183,0.0
MWN,-0.2344036154692477,-0.5075843982998098,0.1367357649115759,-0.4359846839375199,0.37194074924457615,0.6416889479197478,0.9862062358989764,-0.3719407492445761,-0.25046082988418183,0.0
N3V,-0.2344036154692477,-0.5075843982998098,0.1367357649115759,2.293658554627822,0.37194074924457615,0.6416889479197478,-1.0139866932482433,2.6886002731107927,-0.25046082988418183,1.0
MZS,-0.2344036154692477,-0.5075843982998098,-0.7854102336520928,2.293658554627822,0.37194074924457615,-1.5583874449479593,-1.0139866932482433,-0.3719407492445761,-0.25046082988418183,0.0
NAX,-0.2344036154692477,-0.5075843982998098,0.7514997639540217,-0.4359846839375199,0.37194074924457615,0.6416889479197478,0.9862062358989764,-0.3719407492445761,-0.25046082988418183,0.0
N5U,-0.2344036154692477,-0.5075843982998098,0.1367357649115759,-0.4359846839375199,0.37194074924457615,0.6416889479197478,0.9862062358989764,2.6886002731107927,-0.25046082988418183,1.0
N6Z,-0.2344036154692477,-0.5075843982998098,-0.5548737340111757,-0.4359846839375199,0.37194074924457615,0.6416889479197478,-1.0139866932482433,-0.3719407492445761,-0.25046082988418183,0.0
MQK,-0.2344036154692477,1.970115715434855,-0.4780282341308699,-0.4359846839375199,0.37194074924457615,-1.5583874449479593,-1.0139866932482433,-0.3719407492445761,-0.25046082988418183,0.0
N3T,-0.2344036154692477,1.970115715434855,-0.6317192338914814,-0.4359846839375199,0.37194074924457615,0.6416889479197478,-1.0139866932482433,-0.3719407492445761,3.992640288153722,0.0
ND5,-0.2344036154692477,-0.5075843982998098,-0.4780282341308699,-0.4359846839375199,0.37194074924457615,0.6416889479197478,-1.0139866932482433,-0.3719407492445761,-0.25046082988418183,0.0
N7Y,-0.2344036154692477,-0.5075843982998098,-0.01695523484903556,-0.4359846839375199,0.37194074924457615,-1.5583874449479593,0.9862062358989764,-0.3719407492445761,-0.25046082988418183,1.0
N6U,-0.2344036154692477,-0.5075843982998098,-0.5548737340111757,-0.4359846839375199,0.37194074924457615,0.6416889479197478,0.9862062358989764,-0.3719407492445761,-0.25046082988418183,0.0
N8R,-0.2344036154692477,1.970115715434855,-0.170646234609647,-0.4359846839375199,0.37194074924457615,-1.5583874449479593,-1.0139866932482433,-0.3719407492445761,-0.25046082988418183,1.0
N3C,-0.2344036154692477,-0.5075843982998098,-0.4780282341308699,-0.4359846839375199,0.37194074924457615,0.6416889479197478,0.9862062358989764,2.6886002731107927,-0.25046082988418183,0.0
N0Y,-0.2344036154692477,-0.5075843982998098,-0.4780282341308699,-0.4359846839375199,0.37194074924457615,-1.5583874449479593,0.9862062358989764,-0.3719407492445761,3.992640288153722,0.0
MXA,-0.2344036154692477,-0.5075843982998098,-0.7085647337717871,-0.4359846839375199,0.37194074924457615,0.6416889479197478,-1.0139866932482433,-0.3719407492445761,-0.25046082988418183,1.0
N29,-0.2344036154692477,-0.5075843982998098,-0.4780282341308699,-0.4359846839375199,0.37194074924457615,0.6416889479197478,-1.0139866932482433,-0.3719407492445761,-0.25046082988418183,0.0
N08,-0.2344036154692477,-0.5075843982998098,-0.7085647337717871,-0.4359846839375199,0.37194074924457615,0.6416889479197478,-1.0139866932482433,-0.3719407492445761,-0.25046082988418183,0.0
MUA,-0.2344036154692477,1.970115715434855,-0.5548737340111757,-0.4359846839375199,0.37194074924457615,0.6416889479197478,0.9862062358989764,-0.3719407492445761,-0.25046082988418183,1.0
N38,-0.2344036154692477,-0.5075843982998098,0.36727226455249307,-0.4359846839375199,0.37194074924457615,0.6416889479197478,0.9862062358989764,-0.3719407492445761,-0.25046082988418183,1.0
MSY,4.266145801540308,-0.5075843982998098,-0.7085647337717871,-0.4359846839375199,0.37194074924457615,0.6416889479197478,0.9862062358989764,-0.3719407492445761,-0.25046082988418183,1.0
N7E,-0.2344036154692477,1.970115715434855,-0.09380073472934129,-0.4359846839375199,0.37194074924457615,-1.5583874449479593,0.9862062358989764,-0.3719407492445761,-0.25046082988418183,0.0
N0W,-0.2344036154692477,-0.5075843982998098,1.0588817634752445,-0.4359846839375199,0.37194074924457615,0.6416889479197478,0.9862062358989764,-0.3719407492445761,-0.25046082988418183,0.0
N1B,-0.2344036154692477,-0.5075843982998098,1.212572763235856,-0.4359846839375199,0.37194074924457615,0.6416889479197478,0.9862062358989764,2.6886002731107927,-0.25046082988418183,1.0
N8C,-0.2344036154692477,-0.5075843982998098,0.1367357649115759,-0.4359846839375199,0.37194074924457615,0.6416889479197478,0.9862062358989764,-0.3719407492445761,-0.25046082988418183,1.0
MZ1,-0.2344036154692477,-0.5075843982998098,-0.24749173448995274,-0.4359846839375199,0.37194074924457615,0.6416889479197478,0.9862062358989764,2.6886002731107927,-0.25046082988418183,1.0
MQ2,-0.2344036154692477,-0.5075843982998098,-0.5548737340111757,-0.4359846839375199,0.37194074924457615,0.6416889479197478,0.9862062358989764,-0.3719407492445761,-0.25046082988418183,1.0
MZP,4.266145801540308,-0.5075843982998098,-0.170646234609647,-0.4359846839375199,0.37194074924457615,0.6416889479197478,0.9862062358989764,-0.3719407492445761,-0.25046082988418183,1.0
N10,-0.2344036154692477,-0.5075843982998098,-0.4011827342505642,2.293658554627822,0.37194074924457615,0.6416889479197478,-1.0139866932482433,-0.3719407492445761,-0.25046082988418183,1.0
MTX,-0.2344036154692477,-0.5075843982998098,-0.4011827342505642,-0.4359846839375199,0.37194074924457615,0.6416889479197478,-1.0139866932482433,-0.3719407492445761,-0.25046082988418183,1.0
KLM,-0.2344036154692477,-0.5075843982998098,-0.5548737340111757,-0.4359846839375199,0.37194074924457615,0.6416889479197478,0.9862062358989764,-0.3719407492445761,-0.25046082988418183,0.0
N7Q,-0.2344036154692477,-0.5075843982998098,-0.6317192338914814,-0.4359846839375199,0.37194074924457615,0.6416889479197478,0.9862062358989764,-0.3719407492445761,-0.25046082988418183,0.0
MVW,-0.2344036154692477,1.970115715434855,-0.6317192338914814,-0.4359846839375199,0.37194074924457615,-1.5583874449479593,0.9862062358989764,-0.3719407492445761,-0.25046082988418183,0.0
MUG,4.266145801540308,-0.5075843982998098,-0.6317192338914814,-0.4359846839375199,0.37194074924457615,0.6416889479197478,0.9862062358989764,-0.3719407492445761,-0.25046082988418183,1.0
MZV,-0.2344036154692477,-0.5075843982998098,-0.01695523484903556,-0.4359846839375199,0.37194074924457615,0.6416889479197478,-1.0139866932482433,-0.3719407492445761,3.992640288153722,0.0
N1S,-0.2344036154692477,-0.5075843982998098,-0.5548737340111757,-0.4359846839375199,0.37194074924457615,-1.5583874449479593,0.9862062358989764,-0.3719407492445761,3.992640288153722,1.0
NA8,-0.2344036154692477,1.970115715434855,0.1367357649115759,-0.4359846839375199,0.37194074924457615,-1.5583874449479593,0.9862062358989764,-0.3719407492445761,-0.25046082988418183,0.0
MU4,-0.2344036154692477,-0.5075843982998098,-0.5548737340111757,-0.4359846839375199,0.37194074924457615,0.6416889479197478,-1.0139866932482433,-0.3719407492445761,-0.25046082988418183,0.0
N4U,-0.2344036154692477,1.970115715434855,-0.6317192338914814,-0.4359846839375199,0.37194074924457615,0.6416889479197478,-1.0139866932482433,-0.3719407492445761,-0.25046082988418183,0.0
N62,-0.2344036154692477,-0.5075843982998098,-0.6317192338914814,2.293658554627822,0.37194074924457615,0.6416889479197478,0.9862062358989764,-0.3719407492445761,-0.25046082988418183,0.0
N3W,-0.2344036154692477,-0.5075843982998098,1.6736457625176904,-0.4359846839375199,0.37194074924457615,0.6416889479197478,0.9862062358989764,-0.3719407492445761,-0.25046082988418183,0.0
MTV,-0.2344036154692477,-0.5075843982998098,0.674654264073716,-0.4359846839375199,0.37194074924457615,-1.5583874449479593,-1.0139866932482433,-0.3719407492445761,-0.25046082988418183,1.0
MWH,-0.2344036154692477,-0.5075843982998098,1.289418263116162,-0.4359846839375199,0.37194074924457615,0.6416889479197478,-1.0139866932482433,-0.3719407492445761,-0.25046082988418183,0.0
N2S,4.266145801540308,1.970115715434855,0.1367357649115759,-0.4359846839375199,0.37194074924457615,0.6416889479197478,0.9862062358989764,-0.3719407492445761,3.992640288153722,0.0
N1K,-0.2344036154692477,-0.5075843982998098,-0.4780282341308699,-0.4359846839375199,0.37194074924457615,-1.5583874449479593,-1.0139866932482433,-0.3719407492445761,-0.25046082988418183,1.0
N3E,-0.2344036154692477,-0.5075843982998098,-1.365050292895122e-16,-0.4359846839375199,0.37194074924457615,0.6416889479197478,-1.0139866932482433,-0.3719407492445761,-0.25046082988418183,1.0
MXM,-0.2344036154692477,-0.5075843982998098,-0.5548737340111757,-0.4359846839375199,0.37194074924457615,0.6416889479197478,-1.0139866932482433,-0.3719407492445761,-0.25046082988418183,0.0
N7C,-0.2344036154692477,-0.5075843982998098,1.519954762757079,2.293658554627822,0.37194074924457615,-1.5583874449479593,-1.0139866932482433,-0.3719407492445761,-0.25046082988418183,1.0
N3Z,-0.2344036154692477,-0.5075843982998098,-0.32433723437025846,2.293658554627822,0.37194074924457615,0.6416889479197478,0.9862062358989764,2.6886002731107927,-0.25046082988418183,0.0
MWJ,-0.2344036154692477,-0.5075843982998098,-0.24749173448995274,-0.4359846839375199,0.37194074924457615,0.6416889479197478,0.9862062358989764,-0.3719407492445761,-0.25046082988418183,0.0
MQI,-0.2344036154692477,-0.5075843982998098,0.1367357649115759,-0.4359846839375199,0.37194074924457615,-1.5583874449479593,0.9862062358989764,-0.3719407492445761,-0.25046082988418183,0.0
B5H,-0.2344036154692477,-0.5075843982998098,1.9810277620389134,-0.4359846839375199,0.37194074924457615,0.6416889479197478,-1.0139866932482433,-0.3719407492445761,-0.25046082988418183,0.0
N4B,-0.2344036154692477,-0.5075843982998098,-0.4011827342505642,-0.4359846839375199,0.37194074924457615,-1.5583874449479593,-1.0139866932482433,2.6886002731107927,-0.25046082988418183,0.0
N4F,-0.2344036154692477,-0.5075843982998098,-0.4011827342505642,2.293658554627822,0.37194074924457615,0.6416889479197478,-1.0139866932482433,-0.3719407492445761,-0.25046082988418183,0.0
MYH,-0.2344036154692477,-0.5075843982998098,-0.5548737340111757,-0.4359846839375199,0.37194074924457615,0.6416889479197478,0.9862062358989764,2.6886002731107927,-0.25046082988418183,1.0
MXP,-0.2344036154692477,1.970115715434855,0.1367357649115759,-0.4359846839375199,0.37194074924457615,0.6416889479197478,0.9862062358989764,-0.3719407492445761,-0.25046082988418183,0.0
N8G,-0.2344036154692477,1.970115715434855,-0.7085647337717871,-0.4359846839375199,0.37194074924457615,0.6416889479197478,-1.0139866932482433,-0.3719407492445761,-0.25046082988418183,0.0
MQF,-0.2344036154692477,-0.5075843982998098,0.4441177644327988,2.293658554627822,0.37194074924457615,0.6416889479197478,-1.0139866932482433,-0.3719407492445761,-0.25046082988418183,1.0
N6Q,-0.2344036154692477,-0.5075843982998098,-0.5548737340111757,2.293658554627822,0.37194074924457615,0.6416889479197478,0.9862062358989764,-0.3719407492445761,-0.25046082988418183,0.0
N7Z,-0.2344036154692477,-0.5075843982998098,1.212572763235856,2.293658554627822,0.37194074924457615,-1.5583874449479593,-1.0139866932482433,-0.3719407492445761,-0.25046082988418183,1.0
MYP,-0.2344036154692477,-0.5075843982998098,-1.365050292895122e-16,-0.4359846839375199,-2.6886002731107927,0.6416889479197478,-1.0139866932482433,-0.3719407492445761,-0.25046082988418183,0.0
N5J,-0.2344036154692477,-0.5075843982998098,-0.4011827342505642,-0.4359846839375199,0.37194074924457615,0.6416889479197478,0.9862062358989764,-0.3719407492445761,-0.25046082988418183,1.0
N1W,-0.2344036154692477,-0.5075843982998098,-0.6317192338914814,-0.4359846839375199,0.37194074924457615,0.6416889479197478,0.9862062358989764,-0.3719407492445761,-0.25046082988418183,0.0
N07,-0.2344036154692477,-0.5075843982998098,0.1367357649115759,-0.4359846839375199,0.37194074924457615,0.6416889479197478,0.9862062358989764,-0.3719407492445761,-0.25046082988418183,0.0
N65,-0.2344036154692477,-0.5075843982998098,-0.5548737340111757,-0.4359846839375199,0.37194074924457615,-1.5583874449479593,-1.0139866932482433,-0.3719407492445761,-0.25046082988418183,0.0
N8B,-0.2344036154692477,-0.5075843982998098,-0.7085647337717871,-0.4359846839375199,0.37194074924457615,-1.5583874449479593,0.9862062358989764,-0.3719407492445761,-0.25046082988418183,1.0
MX7,-0.2344036154692477,-0.5075843982998098,-0.7854102336520928,2.293658554627822,0.37194074924457615,0.6416889479197478,-1.0139866932482433,-0.3719407492445761,-0.25046082988418183,0.0
NC0,-0.2344036154692477,-0.5075843982998098,0.9820362635949389,-0.4359846839375199,0.37194074924457615,-1.5583874449479593,0.9862062358989764,-0.3719407492445761,-0.25046082988418183,0.0
N1J,-0.2344036154692477,-0.5075843982998098,-0.7085647337717871,2.293658554627822,0.37194074924457615,0.6416889479197478,0.9862062358989764,-0.3719407492445761,-0.25046082988418183,0.0
N43,-0.2344036154692477,1.970115715434855,2.9031737606025825,-0.4359846839375199,0.37194074924457615,-1.5583874449479593,0.9862062358989764,2.6886002731107927,-0.25046082988418183,0.0
MUY,-0.2344036154692477,-0.5075843982998098,-0.6317192338914814,-0.4359846839375199,0.37194074924457615,0.6416889479197478,0.9862062358989764,-0.3719407492445761,-0.25046082988418183,1.0
MYI,-0.2344036154692477,1.970115715434855,-0.7085647337717871,-0.4359846839375199,0.37194074924457615,0.6416889479197478,-1.0139866932482433,-0.3719407492445761,-0.25046082988418183,0.0
JGD,-0.2344036154692477,-0.5075843982998098,0.1367357649115759,-0.4359846839375199,0.37194074924457615,-1.5583874449479593,-1.0139866932482433,-0.3719407492445761,-0.25046082988418183,0.0
NAD,-0.2344036154692477,-0.5075843982998098,-0.4780282341308699,-0.4359846839375199,0.37194074924457615,0.6416889479197478,-1.0139866932482433,-0.3719407492445761,-0.25046082988418183,0.0
NCL,-0.2344036154692477,-0.5075843982998098,-0.32433723437025846,-0.4359846839375199,0.37194074924457615,0.6416889479197478,-1.0139866932482433,2.6886002731107927,-0.25046082988418183,1.0
LBJ,-0.2344036154692477,-0.5075843982998098,0.1367357649115759,-0.4359846839375199,0.37194074924457615,0.6416889479197478,0.9862062358989764,-0.3719407492445761,-0.25046082988418183,0.0
MWF,-0.2344036154692477,-0.5075843982998098,-0.4780282341308699,-0.4359846839375199,0.37194074924457615,0.6416889479197478,0.9862062358989764,-0.3719407492445761,-0.25046082988418183,1.0
MS0,-0.2344036154692477,-0.5075843982998098,0.1367357649115759,2.293658554627822,0.37194074924457615,0.6416889479197478,0.9862062358989764,-0.3719407492445761,-0.25046082988418183,1.0
LCP,-0.2344036154692477,-0.5075843982998098,-0.32433723437025846,-0.4359846839375199,0.37194074924457615,0.6416889479197478,-1.0139866932482433,-0.3719407492445761,-0.25046082988418183,0.0
MY5,-0.2344036154692477,-0.5075843982998098,-0.5548737340111757,-0.4359846839375199,0.37194074924457615,-1.5583874449479593,0.9862062358989764,2.6886002731107927,-0.25046082988418183,0.0
N2D,-0.2344036154692477,-0.5075843982998098,2.2884097615601364,-0.4359846839375199,0.37194074924457615,0.6416889479197478,0.9862062358989764,-0.3719407492445761,-0.25046082988418183,0.0
ND9,-0.2344036154692477,-0.5075843982998098,-0.24749173448995274,-0.4359846839375199,0.37194074924457615,-1.5583874449479593,0.9862062358989764,2.6886002731107927,-0.25046082988418183,0.0
N7J,-0.2344036154692477,-0.5075843982998098,0.059890265031270165,-0.4359846839375199,0.37194074924457615,0.6416889479197478,0.9862062358989764,-0.3719407492445761,-0.25046082988418183,1.0
N3U,-0.2344036154692477,-0.5075843982998098,-0.6317192338914814,-0.4359846839375199,-2.6886002731107927,-1.5583874449479593,0.9862062358989764,-0.3719407492445761,-0.25046082988418183,0.0
MUH,-0.2344036154692477,1.970115715434855,0.1367357649115759,-0.4359846839375199,0.37194074924457615,0.6416889479197478,-1.0139866932482433,-0.3719407492445761,-0.25046082988418183,0.0
MW6,-0.2344036154692477,-0.5075843982998098,-0.6317192338914814,-0.4359846839375199,-2.6886002731107927,-1.5583874449479593,-1.0139866932482433,-0.3719407492445761,-0.25046082988418183,0.0
MOH,-0.2344036154692477,-0.5075843982998098,-0.7085647337717871,-0.4359846839375199,0.37194074924457615,-1.5583874449479593,0.9862062358989764,-0.3719407492445761,-0.25046082988418183,0.0
N5C,-0.2344036154692477,-0.5075843982998098,-0.32433723437025846,-0.4359846839375199,0.37194074924457615,0.6416889479197478,-1.0139866932482433,-0.3719407492445761,-0.25046082988418183,0.0
NB0,-0.2344036154692477,-0.5075843982998098,-0.6317192338914814,-0.4359846839375199,0.37194074924457615,0.6416889479197478,0.9862062358989764,-0.3719407492445761,-0.25046082988418183,0.0
MV5,-0.2344036154692477,-0.5075843982998098,0.8283452638343275,-0.4359846839375199,-2.6886002731107927,0.6416889479197478,-1.0139866932482433,-0.3719407492445761,-0.25046082988418183,0.0
N8Z,-0.2344036154692477,-0.5075843982998098,2.4421007613207477,-0.4359846839375199,0.37194074924457615,0.6416889479197478,0.9862062358989764,-0.3719407492445761,-0.25046082988418183,0.0
JY9,-0.2344036154692477,1.970115715434855,-0.170646234609647,2.293658554627822,0.37194074924457615,-1.5583874449479593,0.9862062358989764,-0.3719407492445761,-0.25046082988418183,0.0
M7H,-0.2344036154692477,-0.5075843982998098,-0.4780282341308699,-0.4359846839375199,0.37194074924457615,0.6416889479197478,-1.0139866932482433,-0.3719407492445761,-0.25046082988418183,0.0
N0U,-0.2344036154692477,-0.5075843982998098,-0.5548737340111757,-0.4359846839375199,0.37194074924457615,0.6416889479197478,-1.0139866932482433,-0.3719407492445761,-0.25046082988418183,1.0
N4I,-0.2344036154692477,-0.5075843982998098,-0.6317192338914814,-0.4359846839375199,0.37194074924457615,-1.5583874449479593,-1.0139866932482433,-0.3719407492445761,-0.25046082988418183,0.0
N1E,-0.2344036154692477,-0.5075843982998098,-0.6317192338914814,-0.4359846839375199,-2.6886002731107927,0.6416889479197478,-1.0139866932482433,-0.3719407492445761,-0.25046082988418183,0.0
MXB,-0.2344036154692477,1.970115715434855,-0.7085647337717871,-0.4359846839375199,-2.6886002731107927,-1.5583874449479593,0.9862062358989764,-0.3719407492445761,-0.25046082988418183,0.0
MXX,-0.2344036154692477,1.970115715434855,-0.4780282341308699,-0.4359846839375199,0.37194074924457615,0.6416889479197478,0.9862062358989764,-0.3719407492445761,-0.25046082988418183,0.0
MYJ,-0.2344036154692477,-0.5075843982998098,0.29042676467218737,2.293658554627822,0.37194074924457615,0.6416889479197478,0.9862062358989764,-0.3719407492445761,-0.25046082988418183,1.0
MW4,-0.2344036154692477,-0.5075843982998098,3.594783259525334,-0.4359846839375199,0.37194074924457615,0.6416889479197478,0.9862062358989764,-0.3719407492445761,-0.25046082988418183,1.0
MRN,-0.2344036154692477,-0.5075843982998098,1.0588817634752445,2.293658554627822,0.37194074924457615,0.6416889479197478,-1.0139866932482433,2.6886002731107927,-0.25046082988418183,0.0
MUQ,-0.2344036154692477,-0.5075843982998098,-0.5548737340111757,-0.4359846839375199,0.37194074924457615,-1.5583874449479593,-1.0139866932482433,-0.3719407492445761,-0.25046082988418183,0.0
N1V,-0.2344036154692477,-0.5075843982998098,0.1367357649115759,-0.4359846839375199,-2.6886002731107927,0.6416889479197478,-1.0139866932482433,2.6886002731107927,-0.25046082988418183,0.0
N87,-0.2344036154692477,-0.5075843982998098,0.36727226455249307,-0.4359846839375199,0.37194074924457615,-1.5583874449479593,-1.0139866932482433,-0.3719407492445761,-0.25046082988418183,0.0
NB6,-0.2344036154692477,-0.5075843982998098,0.21358126479188164,-0.4359846839375199,0.37194074924457615,0.6416889479197478,0.9862062358989764,-0.3719407492445761,3.992640288153722,0.0
NBJ,-0.2344036154692477,-0.5075843982998098,-0.6317192338914814,-0.4359846839375199,0.37194074924457615,0.6416889479197478,-1.0139866932482433,-0.3719407492445761,-0.25046082988418183,0.0
N9B,-0.2344036154692477,-0.5075843982998098,0.5978087641934102,-0.4359846839375199,0.37194074924457615,0.6416889479197478,0.9862062358989764,-0.3719407492445761,3.992640288153722,0.0
KZM,-0.2344036154692477,-0.5075843982998098,-0.4780282341308699,-0.4359846839375199,0.37194074924457615,-1.5583874449479593,0.9862062358989764,-0.3719407492445761,-0.25046082988418183,0.0
N8W,-0.2344036154692477,-0.5075843982998098,-0.7085647337717871,-0.4359846839375199,-2.6886002731107927,-1.5583874449479593,0.9862062358989764,-0.3719407492445761,-0.25046082988418183,0.0
N7U,-0.2344036154692477,-0.5075843982998098,-0.4780282341308699,-0.4359846839375199,0.37194074924457615,0.6416889479197478,0.9862062358989764,-0.3719407492445761,-0.25046082988418183,0.0
NAC,-0.2344036154692477,-0.5075843982998098,-0.32433723437025846,-0.4359846839375199,0.37194074924457615,0.6416889479197478,0.9862062358989764,-0.3719407492445761,-0.25046082988418183,0.0
N6I,-0.2344036154692477,1.970115715434855,0.9820362635949389,-0.4359846839375199,0.37194074924457615,-1.5583874449479593,0.9862062358989764,-0.3719407492445761,-0.25046082988418183,0.0
MU8,-0.2344036154692477,1.970115715434855,0.1367357649115759,2.293658554627822,0.37194074924457615,-1.5583874449479593,-1.0139866932482433,-0.3719407492445761,-0.25046082988418183,0.0
MOY,-0.2344036154692477,-0.5075843982998098,-0.7085647337717871,-0.4359846839375199,0.37194074924457615,0.6416889479197478,-1.0139866932482433,-0.3719407492445761,3.992640288153722,0.0
N1G,-0.2344036154692477,1.970115715434855,-0.7085647337717871,-0.4359846839375199,0.37194074924457615,0.6416889479197478,-1.0139866932482433,-0.3719407492445761,-0.25046082988418183,0.0
N2P,-0.2344036154692477,-0.5075843982998098,-0.01695523484903556,-0.4359846839375199,0.37194074924457615,0.6416889479197478,0.9862062358989764,-0.3719407492445761,-0.25046082988418183,0.0
MWK,-0.2344036154692477,1.970115715434855,0.29042676467218737,-0.4359846839375199,0.37194074924457615,-1.5583874449479593,0.9862062358989764,-0.3719407492445761,-0.25046082988418183,1.0
N27,-0.2344036154692477,-0.5075843982998098,-0.170646234609647,2.293658554627822,0.37194074924457615,0.6416889479197478,-1.0139866932482433,-0.3719407492445761,-0.25046082988418183,1.0
N4S,-0.2344036154692477,-0.5075843982998098,0.1367357649115759,-0.4359846839375199,0.37194074924457615,-1.5583874449479593,-1.0139866932482433,2.6886002731107927,-0.25046082988418183,0.0
N9C,-0.2344036154692477,1.970115715434855,-0.6317192338914814,-0.4359846839375199,-2.6886002731107927,0.6416889479197478,-1.0139866932482433,2.6886002731107927,-0.25046082988418183,0.0
N7T,-0.2344036154692477,-0.5075843982998098,-0.170646234609647,-0.4359846839375199,0.37194074924457615,0.6416889479197478,0.9862062358989764,-0.3719407492445761,-0.25046082988418183,1.0
MUD,-0.2344036154692477,-0.5075843982998098,-0.5548737340111757,-0.4359846839375199,0.37194074924457615,0.6416889479197478,0.9862062358989764,-0.3719407492445761,-0.25046082988418183,0.0
MY3,-0.2344036154692477,1.970115715434855,-0.4780282341308699,-0.4359846839375199,-2.6886002731107927,-1.5583874449479593,-1.0139866932482433,2.6886002731107927,-0.25046082988418183,0.0
J4K,-0.2344036154692477,1.970115715434855,-0.7854102336520928,-0.4359846839375199,0.37194074924457615,0.6416889479197478,0.9862062358989764,-0.3719407492445761,-0.25046082988418183,0.0
N58,-0.2344036154692477,-0.5075843982998098,-0.24749173448995274,-0.4359846839375199,0.37194074924457615,0.6416889479197478,0.9862062358989764,-0.3719407492445761,-0.25046082988418183,1.0
MTT,-0.2344036154692477,-0.5075843982998098,-1.365050292895122e-16,-0.4359846839375199,0.37194074924457615,0.6416889479197478,-1.0139866932482433,-0.3719407492445761,-0.25046082988418183,0.0
N30,-0.2344036154692477,-0.5075843982998098,-0.32433723437025846,-0.4359846839375199,-2.6886002731107927,-1.5583874449479593,-1.0139866932482433,-0.3719407492445761,-0.25046082988418183,0.0
N5Q,-0.2344036154692477,-0.5075843982998098,-0.5548737340111757,-0.4359846839375199,0.37194074924457615,0.6416889479197478,0.9862062358989764,2.6886002731107927,-0.25046082988418183,0.0
N6R,-0.2344036154692477,-0.5075843982998098,-1.365050292895122e-16,-0.4359846839375199,0.37194074924457615,0.6416889479197478,-1.0139866932482433,-0.3719407492445761,-0.25046082988418183,0.0
MY7,-0.2344036154692477,-0.5075843982998098,-0.5548737340111757,-0.4359846839375199,0.37194074924457615,-1.5583874449479593,0.9862062358989764,-0.3719407492445761,-0.25046082988418183,0.0
N6W,-0.2344036154692477,-0.5075843982998098,0.1367357649115759,-0.4359846839375199,0.37194074924457615,0.6416889479197478,-1.0139866932482433,-0.3719407492445761,-0.25046082988418183,0.0
N7F,-0.2344036154692477,-0.5075843982998098,1.212572763235856,2.293658554627822,0.37194074924457615,0.6416889479197478,-1.0139866932482433,-0.3719407492445761,-0.25046082988418183,1.0
N0L,-0.2344036154692477,-0.5075843982998098,-0.32433723437025846,-0.4359846839375199,0.37194074924457615,-1.5583874449479593,-1.0139866932482433,-0.3719407492445761,-0.25046082988418183,0.0
MRI,-0.2344036154692477,-0.5075843982998098,1.519954762757079,-0.4359846839375199,0.37194074924457615,0.6416889479197478,0.9862062358989764,-0.3719407492445761,-0.25046082988418183,1.0
N2T,-0.2344036154692477,1.970115715434855,1.0588817634752445,-0.4359846839375199,0.37194074924457615,-1.5583874449479593,0.9862062358989764,2.6886002731107927,-0.25046082988418183,1.0
MZ0,-0.2344036154692477,1.970115715434855,2.2884097615601364,-0.4359846839375199,0.37194074924457615,-1.5583874449479593,-1.0139866932482433,-0.3719407492445761,-0.25046082988418183,0.0
MXC,-0.2344036154692477,-0.5075843982998098,-0.6317192338914814,-0.4359846839375199,0.37194074924457615,0.6416889479197478,0.9862062358989764,-0.3719407492445761,-0.25046082988418183,1.0
MVD,-0.2344036154692477,-0.5075843982998098,-0.5548737340111757,-0.4359846839375199,-2.6886002731107927,0.6416889479197478,0.9862062358989764,-0.3719407492445761,-0.25046082988418183,0.0
N3P,-0.2344036154692477,1.970115715434855,-0.4780282341308699,-0.4359846839375199,0.37194074924457615,-1.5583874449479593,-1.0139866932482433,-0.3719407492445761,-0.25046082988418183,0.0
MW5,-0.2344036154692477,-0.5075843982998098,-0.6317192338914814,-0.4359846839375199,0.37194074924457615,0.6416889479197478,-1.0139866932482433,-0.3719407492445761,-0.25046082988418183,1.0
MSX,-0.2344036154692477,-0.5075843982998098,-0.4011827342505642,-0.4359846839375199,0.37194074924457615,0.6416889479197478,0.9862062358989764,-0.3719407492445761,-0.25046082988418183,1.0
N71,-0.2344036154692477,-0.5075843982998098,0.674654264073716,2.293658554627822,0.37194074924457615,0.6416889479197478,-1.0139866932482433,-0.3719407492445761,-0.25046082988418183,1.0
MRC,-0.2344036154692477,-0.5075843982998098,-0.4780282341308699,2.293658554627822,0.37194074924457615,-1.5583874449479593,0.9862062358989764,-0.3719407492445761,-0.25046082988418183,0.0
ND8,-0.2344036154692477,-0.5075843982998098,0.21358126479188164,2.293658554627822,0.37194074924457615,0.6416889479197478,-1.0139866932482433,-0.3719407492445761,-0.25046082988418183,0.0
MZI,-0.2344036154692477,-0.5075843982998098,-0.24749173448995274,-0.4359846839375199,0.37194074924457615,0.6416889479197478,-1.0139866932482433,-0.3719407492445761,-0.25046082988418183,0.0
N9R,-0.2344036154692477,1.970115715434855,-0.4011827342505642,-0.4359846839375199,0.37194074924457615,-1.5583874449479593,0.9862062358989764,-0.3719407492445761,-0.25046082988418183,0.0
MOI,-0.2344036154692477,-0.5075843982998098,-0.4011827342505642,-0.4359846839375199,-2.6886002731107927,-1.5583874449479593,-1.0139866932482433,-0.3719407492445761,-0.25046082988418183,0.0
N9T,-0.2344036154692477,-0.5075843982998098,-0.7085647337717871,-0.4359846839375199,-2.6886002731107927,-1.5583874449479593,-1.0139866932482433,-0.3719407492445761,-0.25046082988418183,0.0
MWX,-0.2344036154692477,-0.5075843982998098,-0.32433723437025846,-0.4359846839375199,0.37194074924457615,0.6416889479197478,0.9862062358989764,-0.3719407492445761,-0.25046082988418183,1.0
MTE,-0.2344036154692477,-0.5075843982998098,-0.6317192338914814,-0.4359846839375199,0.37194074924457615,0.6416889479197478,-1.0139866932482433,-0.3719407492445761,3.992640288153722,0.0
N69,4.266145801540308,-0.5075843982998098,-0.01695523484903556,-0.4359846839375199,0.37194074924457615,0.6416889479197478,0.9862062358989764,-0.3719407492445761,-0.25046082988418183,1.0
LWG,4.266145801540308,-0.5075843982998098,-0.4011827342505642,-0.4359846839375199,0.37194074924457615,0.6416889479197478,-1.0139866932482433,-0.3719407492445761,-0.25046082988418183,0.0
MTW,-0.2344036154692477,1.970115715434855,0.1367357649115759,-0.4359846839375199,0.37194074924457615,0.6416889479197478,0.9862062358989764,2.6886002731107927,-0.25046082988418183,1.0
N6H,-0.2344036154692477,-0.5075843982998098,2.518946261201054,-0.4359846839375199,0.37194074924457615,0.6416889479197478,-1.0139866932482433,-0.3719407492445761,-0.25046082988418183,0.0
N76,-0.2344036154692477,-0.5075843982998098,-0.5548737340111757,-0.4359846839375199,0.37194074924457615,-1.5583874449479593,-1.0139866932482433,2.6886002731107927,-0.25046082988418183,0.0
N5Z,-0.2344036154692477,-0.5075843982998098,1.0588817634752445,-0.4359846839375199,0.37194074924457615,0.6416889479197478,0.9862062358989764,-0.3719407492445761,-0.25046082988418183,0.0
N8J,-0.2344036154692477,-0.5075843982998098,-0.01695523484903556,-0.4359846839375199,0.37194074924457615,0.6416889479197478,0.9862062358989764,-0.3719407492445761,-0.25046082988418183,1.0
N6B,-0.2344036154692477,-0.5075843982998098,5.976993755814812,-0.4359846839375199,-2.6886002731107927,-1.5583874449479593,-1.0139866932482433,-0.3719407492445761,-0.25046082988418183,0.0
MZU,-0.2344036154692477,-0.5075843982998098,-0.7085647337717871,2.293658554627822,0.37194074924457615,0.6416889479197478,-1.0139866932482433,-0.3719407492445761,-0.25046082988418183,0.0
N5B,-0.2344036154692477,-0.5075843982998098,-0.4780282341308699,-0.4359846839375199,-2.6886002731107927,0.6416889479197478,-1.0139866932482433,-0.3719407492445761,-0.25046082988418183,0.0
N9S,-0.2344036154692477,-0.5075843982998098,-0.5548737340111757,-0.4359846839375199,-2.6886002731107927,0.6416889479197478,0.9862062358989764,-0.3719407492445761,-0.25046082988418183,0.0
N66,-0.2344036154692477,-0.5075843982998098,-0.4780282341308699,2.293658554627822,-2.6886002731107927,0.6416889479197478,0.9862062358989764,2.6886002731107927,-0.25046082988418183,1.0
NCD,-0.2344036154692477,-0.5075843982998098,0.1367357649115759,-0.4359846839375199,0.37194074924457615,0.6416889479197478,-1.0139866932482433,-0.3719407492445761,-0.25046082988418183,0.0
MZT,-0.2344036154692477,-0.5075843982998098,0.5209632643131046,-0.4359846839375199,0.37194074924457615,0.6416889479197478,0.9862062358989764,-0.3719407492445761,-0.25046082988418183,0.0
N2O,-0.2344036154692477,1.970115715434855,0.1367357649115759,-0.4359846839375199,0.37194074924457615,0.6416889479197478,0.9862062358989764,-0.3719407492445761,3.992640288153722,0.0
N4D,-0.2344036154692477,-0.5075843982998098,-0.7085647337717871,-0.4359846839375199,0.37194074924457615,0.6416889479197478,0.9862062358989764,-0.3719407492445761,-0.25046082988418183,0.0
N1Z,-0.2344036154692477,1.970115715434855,-0.4780282341308699,-0.4359846839375199,0.37194074924457615,0.6416889479197478,-1.0139866932482433,2.6886002731107927,-0.25046082988418183,0.0
N67,-0.2344036154692477,-0.5075843982998098,-0.4011827342505642,-0.4359846839375199,-2.6886002731107927,0.6416889479197478,-1.0139866932482433,-0.3719407492445761,-0.25046082988418183,0.0
N33,-0.2344036154692477,-0.5075843982998098,0.21358126479188164,-0.4359846839375199,0.37194074924457615,0.6416889479197478,-1.0139866932482433,-0.3719407492445761,-0.25046082988418183,0.0
N2L,-0.2344036154692477,-0.5075843982998098,-1.365050292895122e-16,-0.4359846839375199,0.37194074924457615,0.6416889479197478,-1.0139866932482433,-0.3719407492445761,-0.25046082988418183,0.0
N32,-0.2344036154692477,1.970115715434855,-0.4780282341308699,-0.4359846839375199,0.37194074924457615,-1.5583874449479593,-1.0139866932482433,-0.3719407492445761,-0.25046082988418183,0.0
N0S,-0.2344036154692477,1.970115715434855,0.4441177644327988,-0.4359846839375199,-2.6886002731107927,-1.5583874449479593,0.9862062358989764,-0.3719407492445761,-0.25046082988418183,0.0
MY0,-0.2344036154692477,-0.5075843982998098,-0.7085647337717871,2.293658554627822,0.37194074924457615,0.6416889479197478,-1.0139866932482433,2.6886002731107927,-0.25046082988418183,1.0
N21,-0.2344036154692477,-0.5075843982998098,0.1367357649115759,-0.4359846839375199,0.37194074924457615,0.6416889479197478,-1.0139866932482433,-0.3719407492445761,-0.25046082988418183,0.0
N37,-0.2344036154692477,-0.5075843982998098,-0.4780282341308699,-0.4359846839375199,0.37194074924457615,0.6416889479197478,-1.0139866932482433,-0.3719407492445761,-0.25046082988418183,0.0
MQB,-0.2344036154692477,-0.5075843982998098,-0.7085647337717871,2.293658554627822,0.37194074924457615,0.6416889479197478,0.9862062358989764,-0.3719407492445761,-0.25046082988418183,1.0
N3O,-0.2344036154692477,-0.5075843982998098,-0.5548737340111757,-0.4359846839375199,0.37194074924457615,0.6416889479197478,0.9862062358989764,-0.3719407492445761,-0.25046082988418183,0.0
N7V,-0.2344036154692477,-0.5075843982998098,0.1367357649115759,-0.4359846839375199,0.37194074924457615,0.6416889479197478,-1.0139866932482433,-0.3719407492445761,-0.25046082988418183,0.0
N8D,-0.2344036154692477,-0.5075843982998098,0.059890265031270165,-0.4359846839375199,0.37194074924457615,-1.5583874449479593,0.9862062358989764,-0.3719407492445761,-0.25046082988418183,0.0
L46,-0.2344036154692477,-0.5075843982998098,-0.24749173448995274,-0.4359846839375199,0.37194074924457615,0.6416889479197478,-1.0139866932482433,-0.3719407492445761,-0.25046082988418183,0.0
N17,-0.2344036154692477,-0.5075843982998098,-0.4011827342505642,-0.4359846839375199,0.37194074924457615,-1.5583874449479593,-1.0139866932482433,-0.3719407492445761,-0.25046082988418183,0.0
N68,4.266145801540308,-0.5075843982998098,-0.170646234609647,-0.4359846839375199,0.37194074924457615,0.6416889479197478,0.9862062358989764,-0.3719407492445761,-0.25046082988418183,1.0
L9W,4.266145801540308,-0.5075843982998098,-0.4011827342505642,2.293658554627822,0.37194074924457615,0.6416889479197478,0.9862062358989764,-0.3719407492445761,-0.25046082988418183,0.0
LQV,-0.2344036154692477,1.970115715434855,-0.170646234609647,-0.4359846839375199,0.37194074924457615,-1.5583874449479593,-1.0139866932482433,-0.3719407492445761,-0.25046082988418183,0.0
N3Q,-0.2344036154692477,1.970115715434855,0.1367357649115759,-0.4359846839375199,0.37194074924457615,0.6416889479197478,0.9862062358989764,-0.3719407492445761,-0.25046082988418183,0.0
N7O,-0.2344036154692477,1.970115715434855,-0.5548737340111757,-0.4359846839375199,0.37194074924457615,0.6416889479197478,-1.0139866932482433,-0.3719407492445761,-0.25046082988418183,0.0
N77,-0.2344036154692477,-0.5075843982998098,-0.170646234609647,-0.4359846839375199,0.37194074924457615,0.6416889479197478,-1.0139866932482433,-0.3719407492445761,-0.25046082988418183,0.0
N49,-0.2344036154692477,-0.5075843982998098,0.1367357649115759,-0.4359846839375199,0.37194074924457615,0.6416889479197478,-1.0139866932482433,2.6886002731107927,-0.25046082988418183,0.0
KJZ,-0.2344036154692477,-0.5075843982998098,0.1367357649115759,-0.4359846839375199,0.37194074924457615,-1.5583874449479593,-1.0139866932482433,-0.3719407492445761,-0.25046082988418183,0.0
ND6,-0.2344036154692477,1.970115715434855,-0.32433723437025846,-0.4359846839375199,-2.6886002731107927,-1.5583874449479593,0.9862062358989764,-0.3719407492445761,-0.25046082988418183,0.0
MSS,-0.2344036154692477,-0.5075843982998098,-0.6317192338914814,-0.4359846839375199,0.37194074924457615,0.6416889479197478,0.9862062358989764,-0.3719407492445761,-0.25046082988418183,0.0
N01,-0.2344036154692477,-0.5075843982998098,-0.01695523484903556,-0.4359846839375199,-2.6886002731107927,-1.5583874449479593,0.9862062358989764,-0.3719407492445761,-0.25046082988418183,0.0
MWE,-0.2344036154692477,-0.5075843982998098,0.1367357649115759,-0.4359846839375199,0.37194074924457615,0.6416889479197478,0.9862062358989764,-0.3719407492445761,-0.25046082988418183,1.0
MQ8,-0.2344036154692477,-0.5075843982998098,-0.7085647337717871,-0.4359846839375199,0.37194074924457615,-1.5583874449479593,0.9862062358989764,-0.3719407492445761,-0.25046082988418183,0.0
NCF,-0.2344036154692477,1.970115715434855,0.059890265031270165,-0.4359846839375199,0.37194074924457615,0.6416889479197478,0.9862062358989764,-0.3719407492445761,3.992640288153722,0.0
MZR,-0.2344036154692477,-0.5075843982998098,-0.4780282341308699,-0.4359846839375199,0.37194074924457615,-1.5583874449479593,0.9862062358989764,-0.3719407492445761,-0.25046082988418183,0.0
N26,-0.2344036154692477,-0.5075843982998098,0.4441177644327988,-0.4359846839375199,0.37194074924457615,0.6416889479197478,-1.0139866932482433,-0.3719407492445761,-0.25046082988418183,0.0
K6E,-0.2344036154692477,-0.5075843982998098,10.280341749111932,-0.4359846839375199,0.37194074924457615,0.6416889479197478,0.9862062358989764,-0.3719407492445761,-0.25046082988418183,1.0
N6K,4.266145801540308,-0.5075843982998098,0.29042676467218737,2.293658554627822,0.37194074924457615,0.6416889479197478,-1.0139866932482433,-0.3719407492445761,-0.25046082988418183,0.0
M55,-0.2344036154692477,-0.5075843982998098,-0.4011827342505642,2.293658554627822,0.37194074924457615,-1.5583874449479593,-1.0139866932482433,-0.3719407492445761,-0.25046082988418183,0.0
N4C,-0.2344036154692477,-0.5075843982998098,0.5209632643131046,-0.4359846839375199,0.37194074924457615,0.6416889479197478,0.9862062358989764,-0.3719407492445761,-0.25046082988418183,1.0
N8I,-0.2344036154692477,1.970115715434855,0.1367357649115759,-0.4359846839375199,0.37194074924457615,-1.5583874449479593,0.9862062358989764,-0.3719407492445761,-0.25046082988418183,0.0
N0R,-0.2344036154692477,-0.5075843982998098,0.059890265031270165,-0.4359846839375199,-2.6886002731107927,0.6416889479197478,-1.0139866932482433,-0.3719407492445761,-0.25046082988418183,0.0
N0M,-0.2344036154692477,1.970115715434855,-0.4011827342505642,2.293658554627822,0.37194074924457615,0.6416889479197478,-1.0139866932482433,-0.3719407492445761,-0.25046082988418183,0.0
MVT,-0.2344036154692477,-0.5075843982998098,0.1367357649115759,-0.4359846839375199,0.37194074924457615,0.6416889479197478,0.9862062358989764,-0.3719407492445761,3.992640288153722,0.0
N05,-0.2344036154692477,-0.5075843982998098,0.21358126479188164,-0.4359846839375199,0.37194074924457615,0.6416889479197478,-1.0139866932482433,-0.3719407492445761,-0.25046082988418183,0.0
N45,-0.2344036154692477,-0.5075843982998098,0.9820362635949389,-0.4359846839375199,0.37194074924457615,0.6416889479197478,-1.0139866932482433,-0.3719407492445761,-0.25046082988418183,0.0
N1T,-0.2344036154692477,-0.5075843982998098,0.1367357649115759,-0.4359846839375199,-2.6886002731107927,0.6416889479197478,-1.0139866932482433,-0.3719407492445761,-0.25046082988418183,0.0
N74,-0.2344036154692477,-0.5075843982998098,0.1367357649115759,-0.4359846839375199,0.37194074924457615,0.6416889479197478,-1.0139866932482433,-0.3719407492445761,-0.25046082988418183,0.0
MRF,-0.2344036154692477,-0.5075843982998098,-0.170646234609647,2.293658554627822,0.37194074924457615,0.6416889479197478,0.9862062358989764,-0.3719407492445761,-0.25046082988418183,1.0
N5L,-0.2344036154692477,-0.5075843982998098,1.0588817634752445,-0.4359846839375199,0.37194074924457615,-1.5583874449479593,-1.0139866932482433,-0.3719407492445761,3.992640288153722,0.0
NDE,-0.2344036154692477,-0.5075843982998098,-0.4011827342505642,-0.4359846839375199,0.37194074924457615,-1.5583874449479593,0.9862062358989764,-0.3719407492445761,-0.25046082988418183,0.0
MY6,-0.2344036154692477,-0.5075843982998098,-0.6317192338914814,-0.4359846839375199,0.37194074924457615,0.6416889479197478,0.9862062358989764,-0.3719407492445761,-0.25046082988418183,0.0
N8U,-0.2344036154692477,1.970115715434855,-0.5548737340111757,-0.4359846839375199,0.37194074924457615,0.6416889479197478,0.9862062358989764,-0.3719407492445761,-0.25046082988418183,0.0
N8S,-0.2344036154692477,-0.5075843982998098,0.1367357649115759,-0.4359846839375199,0.37194074924457615,-1.5583874449479593,-1.0139866932482433,2.6886002731107927,-0.25046082988418183,0.0
MTG,-0.2344036154692477,1.970115715434855,-0.4780282341308699,-0.4359846839375199,0.37194074924457615,0.6416889479197478,-1.0139866932482433,-0.3719407492445761,3.992640288153722,0.0
N28,-0.2344036154692477,-0.5075843982998098,-1.365050292895122e-16,2.293658554627822,0.37194074924457615,0.6416889479197478,-1.0139866932482433,-0.3719407492445761,-0.25046082988418183,0.0
N8E,-0.2344036154692477,-0.5075843982998098,-0.6317192338914814,2.293658554627822,0.37194074924457615,0.6416889479197478,0.9862062358989764,-0.3719407492445761,-0.25046082988418183,0.0
L8J,-0.2344036154692477,-0.5075843982998098,0.1367357649115759,2.293658554627822,0.37194074924457615,0.6416889479197478,0.9862062358989764,-0.3719407492445761,-0.25046082988418183,0.0
N61,-0.2344036154692477,1.970115715434855,-0.7085647337717871,-0.4359846839375199,0.37194074924457615,0.6416889479197478,0.9862062358989764,2.6886002731107927,-0.25046082988418183,0.0
MUM,4.266145801540308,-0.5075843982998098,-0.32433723437025846,2.293658554627822,0.37194074924457615,0.6416889479197478,-1.0139866932482433,-0.3719407492445761,-0.25046082988418183,1.0
JQB,-0.2344036154692477,1.970115715434855,-0.09380073472934129,-0.4359846839375199,0.37194074924457615,-1.5583874449479593,-1.0139866932482433,-0.3719407492445761,-0.25046082988418183,0.0
N34,-0.2344036154692477,-0.5075843982998098,2.9031737606025825,-0.4359846839375199,0.37194074924457615,0.6416889479197478,0.9862062358989764,-0.3719407492445761,-0.25046082988418183,1.0
N91,-0.2344036154692477,-0.5075843982998098,-0.5548737340111757,-0.4359846839375199,0.37194074924457615,-1.5583874449479593,0.9862062358989764,-0.3719407492445761,-0.25046082988418183,0.0
MXO,-0.2344036154692477,1.970115715434855,-0.24749173448995274,2.293658554627822,0.37194074924457615,0.6416889479197478,-1.0139866932482433,-0.3719407492445761,3.992640288153722,0.0
N9A,-0.2344036154692477,-0.5075843982998098,1.1357272633555504,-0.4359846839375199,0.37194074924457615,-1.5583874449479593,0.9862062358989764,-0.3719407492445761,-0.25046082988418183,0.0
NB7,-0.2344036154692477,1.970115715434855,-0.5548737340111757,-0.4359846839375199,0.37194074924457615,-1.5583874449479593,0.9862062358989764,2.6886002731107927,-0.25046082988418183,0.0
N89,-0.2344036154692477,-0.5075843982998098,0.1367357649115759,2.293658554627822,0.37194074924457615,0.6416889479197478,0.9862062358989764,2.6886002731107927,-0.25046082988418183,1.0
MPV,4.266145801540308,-0.5075843982998098,-0.24749173448995274,2.293658554627822,0.37194074924457615,0.6416889479197478,0.9862062358989764,-0.3719407492445761,-0.25046082988418183,0.0
N3B,-0.2344036154692477,1.970115715434855,-0.7085647337717871,-0.4359846839375199,-2.6886002731107927,0.6416889479197478,-1.0139866932482433,-0.3719407492445761,-0.25046082988418183,0.0
MX9,-0.2344036154692477,-0.5075843982998098,-0.6317192338914814,-0.4359846839375199,0.37194074924457615,0.6416889479197478,-1.0139866932482433,-0.3719407492445761,-0.25046082988418183,0.0
N3M,-0.2344036154692477,1.970115715434855,-0.7854102336520928,-0.4359846839375199,0.37194074924457615,0.6416889479197478,-1.0139866932482433,2.6886002731107927,-0.25046082988418183,0.0
F6Q,-0.2344036154692477,1.970115715434855,0.9051907637146331,2.293658554627822,0.37194074924457615,0.6416889479197478,0.9862062358989764,-0.3719407492445761,-0.25046082988418183,1.0
N12,-0.2344036154692477,-0.5075843982998098,-0.4011827342505642,-0.4359846839375199,-2.6886002731107927,-1.5583874449479593,0.9862062358989764,-0.3719407492445761,-0.25046082988418183,0.0
NCN,-0.2344036154692477,-0.5075843982998098,-0.32433723437025846,-0.4359846839375199,0.37194074924457615,0.6416889479197478,0.9862062358989764,-0.3719407492445761,-0.25046082988418183,0.0
N0J,-0.2344036154692477,-0.5075843982998098,0.1367357649115759,-0.4359846839375199,0.37194074924457615,0.6416889479197478,0.9862062358989764,-0.3719407492445761,-0.25046082988418183,0.0
MVU,-0.2344036154692477,-0.5075843982998098,-0.01695523484903556,2.293658554627822,0.37194074924457615,0.6416889479197478,0.9862062358989764,-0.3719407492445761,-0.25046082988418183,0.0
MPW,-0.2344036154692477,-0.5075843982998098,-1.365050292895122e-16,-0.4359846839375199,0.37194074924457615,0.6416889479197478,-1.0139866932482433,-0.3719407492445761,-0.25046082988418183,1.0
NBN,-0.2344036154692477,-0.5075843982998098,-0.09380073472934129,-0.4359846839375199,0.37194074924457615,0.6416889479197478,0.9862062358989764,-0.3719407492445761,3.992640288153722,0.0
MSV,-0.2344036154692477,-0.5075843982998098,-0.5548737340111757,-0.4359846839375199,0.37194074924457615,-1.5583874449479593,-1.0139866932482433,2.6886002731107927,-0.25046082988418183,0.0
N46,-0.2344036154692477,-0.5075843982998098,0.4441177644327988,-0.4359846839375199,-2.6886002731107927,0.6416889479197478,0.9862062358989764,-0.3719407492445761,-0.25046082988418183,0.0
MQO,-0.2344036154692477,-0.5075843982998098,0.1367357649115759,-0.4359846839375199,0.37194074924457615,0.6416889479197478,-1.0139866932482433,-0.3719407492445761,-0.25046082988418183,0.0
N7R,-0.2344036154692477,-0.5075843982998098,-0.5548737340111757,-0.4359846839375199,0.37194074924457615,0.6416889479197478,0.9862062358989764,-0.3719407492445761,-0.25046082988418183,1.0
MUZ,-0.2344036154692477,1.970115715434855,-0.6317192338914814,-0.4359846839375199,0.37194074924457615,-1.5583874449479593,0.9862062358989764,-0.3719407492445761,-0.25046082988418183,1.0
N52,-0.2344036154692477,1.970115715434855,-0.7085647337717871,-0.4359846839375199,-2.6886002731107927,0.6416889479197478,-1.0139866932482433,2.6886002731107927,-0.25046082988418183,0.0
MYF,-0.2344036154692477,-0.5075843982998098,-0.09380073472934129,-0.4359846839375199,-2.6886002731107927,-1.5583874449479593,-1.0139866932482433,-0.3719407492445761,-0.25046082988418183,1.0
N92,-0.2344036154692477,1.970115715434855,0.7514997639540217,-0.4359846839375199,0.37194074924457615,0.6416889479197478,-1.0139866932482433,-0.3719407492445761,-0.25046082988418183,0.0
KRG,4.266145801540308,-0.5075843982998098,0.5978087641934102,-0.4359846839375199,0.37194074924457615,-1.5583874449479593,0.9862062358989764,-0.3719407492445761,-0.25046082988418183,1.0
N9W,-0.2344036154692477,-0.5075843982998098,0.9820362635949389,-0.4359846839375199,0.37194074924457615,-1.5583874449479593,-1.0139866932482433,2.6886002731107927,-0.25046082988418183,0.0
N4Y,4.266145801540308,-0.5075843982998098,0.1367357649115759,-0.4359846839375199,0.37194074924457615,0.6416889479197478,0.9862062358989764,-0.3719407492445761,-0.25046082988418183,0.0
N15,-0.2344036154692477,-0.5075843982998098,-0.6317192338914814,-0.4359846839375199,0.37194074924457615,0.6416889479197478,-1.0139866932482433,-0.3719407492445761,-0.25046082988418183,0.0
MYZ,-0.2344036154692477,1.970115715434855,-0.6317192338914814,-0.4359846839375199,0.37194074924457615,0.6416889479197478,0.9862062358989764,-0.3719407492445761,-0.25046082988418183,0.0
MZW,-0.2344036154692477,-0.5075843982998098,0.1367357649115759,-0.4359846839375199,-2.6886002731107927,-1.5583874449479593,-1.0139866932482433,-0.3719407492445761,-0.25046082988418183,0.0
MU6,-0.2344036154692477,-0.5075843982998098,0.4441177644327988,-0.4359846839375199,0.37194074924457615,-1.5583874449479593,0.9862062358989764,-0.3719407492445761,-0.25046082988418183,0.0
LSE,-0.2344036154692477,-0.5075843982998098,-0.32433723437025846,-0.4359846839375199,-2.6886002731107927,0.6416889479197478,-1.0139866932482433,-0.3719407492445761,3.992640288153722,0.0
N2R,-0.2344036154692477,-0.5075843982998098,1.1357272633555504,2.293658554627822,0.37194074924457615,0.6416889479197478,-1.0139866932482433,-0.3719407492445761,-0.25046082988418183,1.0
N5X,-0.2344036154692477,-0.5075843982998098,-0.5548737340111757,2.293658554627822,0.37194074924457615,0.6416889479197478,-1.0139866932482433,-0.3719407492445761,-0.25046082988418183,0.0
MZM,-0.2344036154692477,-0.5075843982998098,-0.7085647337717871,2.293658554627822,0.37194074924457615,0.6416889479197478,0.9862062358989764,-0.3719407492445761,-0.25046082988418183,0.0
BDP,-0.2344036154692477,-0.5075843982998098,1.9810277620389134,-0.4359846839375199,0.37194074924457615,0.6416889479197478,-1.0139866932482433,-0.3719407492445761,-0.25046082988418183,0.0
MXK,-0.2344036154692477,1.970115715434855,-0.32433723437025846,-0.4359846839375199,0.37194074924457615,0.6416889479197478,-1.0139866932482433,-0.3719407492445761,-0.25046082988418183,0.0
N5H,-0.2344036154692477,1.970115715434855,-0.4780282341308699,-0.4359846839375199,0.37194074924457615,-1.5583874449479593,-1.0139866932482433,-0.3719407492445761,-0.25046082988418183,0.0
MXQ,-0.2344036154692477,1.970115715434855,0.9820362635949389,-0.4359846839375199,0.37194074924457615,0.6416889479197478,0.9862062358989764,-0.3719407492445761,-0.25046082988418183,0.0
N2I,-0.2344036154692477,-0.5075843982998098,-0.4780282341308699,-0.4359846839375199,0.37194074924457615,0.6416889479197478,-1.0139866932482433,-0.3719407492445761,-0.25046082988418183,0.0
N6V,4.266145801540308,-0.5075843982998098,0.1367357649115759,-0.4359846839375199,-2.6886002731107927,-1.5583874449479593,-1.0139866932482433,-0.3719407492445761,-0.25046082988418183,0.0
NAP,-0.2344036154692477,-0.5075843982998098,-0.6317192338914814,-0.4359846839375199,0.37194074924457615,0.6416889479197478,0.9862062358989764,-0.3719407492445761,-0.25046082988418183,0.0
MXW,-0.2344036154692477,-0.5075843982998098,0.1367357649115759,-0.4359846839375199,0.37194074924457615,0.6416889479197478,-1.0139866932482433,-0.3719407492445761,-0.25046082988418183,0.0
N5S,-0.2344036154692477,-0.5075843982998098,-0.24749173448995274,-0.4359846839375199,0.37194074924457615,0.6416889479197478,0.9862062358989764,-0.3719407492445761,-0.25046082988418183,0.0
MWR,-0.2344036154692477,-0.5075843982998098,-0.09380073472934129,-0.4359846839375199,0.37194074924457615,0.6416889479197478,-1.0139866932482433,-0.3719407492445761,-0.25046082988418183,0.0
N1Q,-0.2344036154692477,-0.5075843982998098,-0.6317192338914814,-0.4359846839375199,0.37194074924457615,0.6416889479197478,0.9862062358989764,-0.3719407492445761,-0.25046082988418183,0.0
MTI,-0.2344036154692477,-0.5075843982998098,-0.24749173448995274,-0.4359846839375199,0.37194074924457615,-1.5583874449479593,0.9862062358989764,-0.3719407492445761,-0.25046082988418183,0.0
N8M,-0.2344036154692477,-0.5075843982998098,0.1367357649115759,-0.4359846839375199,0.37194074924457615,0.6416889479197478,-1.0139866932482433,-0.3719407492445761,-0.25046082988418183,0.0
MZX,-0.2344036154692477,1.970115715434855,-0.4780282341308699,-0.4359846839375199,0.37194074924457615,-1.5583874449479593,0.9862062358989764,-0.3719407492445761,-0.25046082988418183,0.0
N4J,-0.2344036154692477,-0.5075843982998098,-0.5548737340111757,-0.4359846839375199,0.37194074924457615,-1.5583874449479593,-1.0139866932482433,2.6886002731107927,-0.25046082988418183,0.0
MWM,-0.2344036154692477,1.970115715434855,1.9810277620389134,-0.4359846839375199,0.37194074924457615,-1.5583874449479593,-1.0139866932482433,-0.3719407492445761,-0.25046082988418183,0.0
